url,label
https://www.apple.com/account,0
https://www.netflix.com/,0
https://www.fifa.com,0
https://www.medium.com/category/electronics,0
https://www.duolingo.com,0
https://www.zoom.us,0
https://www.slack.com/dashboard,0
https://www.amazon.com/api,0
https://www.philips.com,0
https://www.apartments.com,0
https://www.oracle.com,0
https://www.figma.com/dashboard,0
https://www.zoom.us/support,0
https://www.instagram.com/developers,0
https://www.adobe.com/careers,0
https://www.cornell.edu,0
https://www.apple.com/developers,0
https://www.github.com/community,0
https://www.ge.com,0
https://www.youtube.com/resources,0
https://www.zoom.us/developers,0
https://www.sap.com,0
https://www.ea.com,0
https://www.medium.com/account,0
https://www.substack.com,0
https://www.ucla.edu,0
https://www.grubhub.com,0
https://www.netflix.com/api,0
https://www.capitalone.com,0
https://www.bitbucket.org,0
https://www.bbc.com,0
https://www.salesforce.com/pricing,0
https://www.nytimes.com,0
https://www.netflix.com,0
https://www.reddit.com/r/programming,0
https://www.instagram.com,0
https://www.lg.com,0
https://www.tesla.com,0
https://www.webmd.com,0
https://www.spotify.com/news,0
https://www.coursera.org,0
https://www.audi.com,0
https://www.gitlab.com,0
https://www.funimation.com,0
https://www.youtube.com,0
https://www.salesforce.com/careers,0
https://www.aws.amazon.com,0
https://www.wikipedia.org,0
https://www.youtube.com/community,0
https://www.chase.com,0
https://www.reddit.com/download,0
https://www.twitter.com/support,0
https://www.spotify.com/developers,0
https://www.nih.gov,0
https://www.figma.com/careers,0
https://www.linkedin.com/products,0
https://www.github.com/privacy,0
https://onedrive.live.com,0
https://www.1password.com,0
https://www.salesforce.com/docs,0
https://www.schwab.com,0
https://www.facebook.com/groups/12345,0
https://www.nvidia.com,0
https://www.twitter.com/features,0
https://www.dropbox.com/terms,0
https://www.fidelity.com,0
https://www.bestbuy.com,0
https://www.spotify.com/article/latest-news-2024,0
https://www.wikipedia.org/news,0
https://www.uber.com,0
https://www.medium.com/privacy,0
https://www.stackoverflow.com/help,0
https://www.zoom.us/careers,0
https://www.washington.edu,0
https://www.linkedin.com/settings,0
https://stackoverflow.com/questions/tagged/python,0
https://www.microsoft.com/terms,0
https://www.lenovo.com,0
https://www.grammarly.com,0
https://www.paramount.com,0
https://www.salesforce.com,0
https://www.nfl.com,0
https://www.mercedes-benz.com,0
https://www.stackoverflow.com/account,0
https://www.quora.com,0
https://www.microsoft.com/docs,0
https://www.google.com/faq,0
https://www.office.com,0
https://www.hulu.com,0
https://www.youtube.com/watch?v=dQw4w9WgXcQ,0
https://www.instagram.com/support,0
https://www.twitter.com,0
https://www.wikipedia.org/account,0
https://www.trello.com/help,0
https://www.reddit.com/community,0
https://www.youtube.com/api,0
https://www.epic.com,0
https://www.olympics.com,0
https://www.zoom.us/products,0
https://www.codecademy.com,0
https://www.target.com,0
https://www.3m.com,0
https://www.google.com/privacy,0
https://www.healthline.com,0
https://www.binance.com,0
https://www.notion.so,0
https://www.salesforce.com/about,0
https://www.khanacademy.org,0
https://www.instagram.com/p/ABC123xyz/,0
https://www.github.com,0
https://www.icloud.com,0
https://www.doordash.com,0
https://www.intel.com,0
https://www.netflix.com/careers,0
https://www.siemens.com,0
https://www.netflix.com/account,0
https://www.paypal.com,0
https://www.spotify.com/resources,0
https://www.wikipedia.org/about,0
https://www.cisco.com,0
https://www.trello.com/,0
https://www.pinterest.com,0
https://www.linkedin.com/in/john-doe-123456,0
https://en.wikipedia.org/wiki/Machine_learning,0
https://www.medium.com,0
https://www.github.com/about,0
https://www.google.com/account,0
https://www.zoom.us/search?q=technology,0
https://www.usps.com,0
https://www.trello.com/settings,0
https://www.weather.com,0
https://www.github.com/category/electronics,0
https://www.facebook.com/resources,0
https://www.notion.so/blog,0
https://www.google.com/blog,0
https://www.salesforce.com/article/latest-news-2024,0
https://www.apple.com/docs,0
https://www.homedepot.com,0
https://medium.com/@user/article-title-123abc,0
https://www.trello.com/services,0
https://www.un.org,0
https://www.figma.com,0
https://www.spotify.com/services,0
https://www.linkedin.com/pricing,0
https://www.discover.com,0
https://www.coinbase.com,0
https://www.opera.com,0
https://www.amazon.com/news,0
https://www.amazon.com/,0
https://www.apple.com/settings,0
https://www.twitch.tv,0
https://github.com/tensorflow/tensorflow,0
https://www.spotify.com/category/electronics,0
https://www.trulia.com,0
https://www.kayak.com,0
https://www.microsoft.com/features,0
https://scholar.google.com/citations?user=abc123,0
https://www.disneyplus.com,0
https://www.zoom.us/docs,0
https://www.youtube.com/category/electronics,0
https://www.yahoo.com,0
https://www.nordvpn.com,0
https://www.github.com/settings,0
https://www.dropbox.com/docs,0
https://www.netflix.com/services,0
https://www.figma.com/blog,0
https://www.microsoft.com/services,0
https://www.adobe.com/faq,0
https://www.nike.com,0
https://www.github.com/features,0
https://www.ibm.com,0
https://www.slack.com/api,0
https://apps.apple.com/us/app/example/id123456789,0
https://www.udemy.com,0
https://www.canva.com/api,0
https://www.booking.com,0
https://www.bankofamerica.com,0
https://www.google.com/article/latest-news-2024,0
https://www.slack.com/blog,0
https://www.notion.so/pricing,0
https://www.northwestern.edu,0
https://www.microsoft.com/download,0
https://www.citibank.com,0
https://www.notion.so/search?q=technology,0
https://www.canva.com/developers,0
https://www.upenn.edu,0
https://www.figma.com/resources,0
https://www.instacart.com,0
https://www.figma.com/help,0
https://www.amazon.com/dp/B08N5WRWNW,0
https://www.stackoverflow.com/,0
https://www.umich.edu,0
https://www.apple.com/article/latest-news-2024,0
https://www.blizzard.com,0
https://www.google.com/resources,0
https://www.instagram.com/features,0
https://www.robinhood.com,0
https://www.walmart.com,0
https://www.whatsapp.com,0
https://www.dropbox.com/api,0
https://www.fedex.com,0
https://www.adobe.com/docs,0
https://www.kraken.com,0
https://www.stripe.com,0
https://www.trello.com/category/electronics,0
https://www.adobe.com/api,0
https://www.facebook.com/search?q=technology,0
https://www.imf.org,0
https://www.canva.com/dashboard,0
https://www.youtube.com/features,0
https://www.realtor.com,0
https://www.vanguard.com,0
https://twitter.com/elonmusk/status/1234567890,0
https://www.microsoft.com/developers,0
https://www.salesforce.com/account,0
https://www.ubisoft.com,0
https://www.twitter.com/blog,0
https://www.canva.com,0
https://docs.google.com,0
https://www.wordpress.com,0
https://www.figma.com/api,0
https://www.salesforce.com/settings,0
https://www.instagram.com/about,0
https://www.instagram.com/settings,0
https://www.slack.com/account,0
https://www.stackoverflow.com/developers,0
https://www.adobe.com/dashboard,0
https://www.cdc.gov,0
https://www.columbia.edu,0
https://www.berkeley.edu,0
https://www.facebook.com/article/latest-news-2024,0
https://www.apple.com/pricing,0
https://www.github.com/article/latest-news-2024,0
https://www.heroku.com,0
https://www.mayoclinic.org,0
https://www.reuters.com,0
https://www.espn.com,0
https://www.tripadvisor.com,0
https://www.google.com/search?q=technology,0
https://www.ebay.com,0
https://www.jira.com,0
https://www.toyota.com,0
https://www.adobe.com/resources,0
https://www.cam.ac.uk,0
https://www.expedia.com,0
https://www.ford.com,0
https://www.honda.com,0
https://www.wellsfargo.com,0
https://www.amazon.com/contact,0
https://www.spotify.com/features,0
https://www.dropbox.com/account,0
https://www.stackoverflow.com,0
https://www.hbomax.com,0
https://www.bosch.com,0
https://www.dropbox.com/developers,0
https://www.apple.com,0
https://www.amazon.com,0
https://www.dropbox.com,0
https://www.tumblr.com,0
https://www.dhl.com,0
https://www.dropbox.com/news,0
https://www.lastpass.com,0
https://www.roblox.com,0
https://www.linkedin.com,0
https://www.dropbox.com/dashboard,0
https://www.amazon.com/user/profile,0
https://www.utexas.edu,0
https://www.panasonic.com,0
https://www.canva.com/,0
https://www.expressvpn.com,0
https://www.edx.org,0
https://www.zoom.us/services,0
https://www.slack.com/terms,0
https://www.microsoft.com/category/electronics,0
https://www.linkedin.com/docs,0
https://www.twitter.com/services,0
https://www.linkedin.com/account,0
https://www.epicgames.com,0
https://www.caltech.edu,0
https://news.ycombinator.com/item?id=12345,0
https://www.trello.com/blog,0
https://www.peacocktv.com,0
https://www.samsung.com,0
https://www.twitter.com/account,0
https://www.facebook.com,0
https://www.youtube.com/settings,0
https://www.google.com/search?q=python+programming,0
https://www.bmw.com,0
https://www.dropbox.com/download,0
https://www.facebook.com/faq,0
https://www.who.int,0
https://www.amazon.com/category/electronics,0
https://www.github.com/resources,0
https://www.cnn.com,0
https://www.facebook.com/services,0
https://www.twitter.com/docs,0
https://www.stackoverflow.com/download,0
https://www.duke.edu,0
https://www.gm.com,0
https://www.etsy.com,0
https://www.costco.com,0
https://www.canva.com/search?q=technology,0
https://www.reddit.com,0
https://www.medium.com/blog,0
https://www.harvard.edu,0
https://www.lyft.com,0
https://www.hm.com,0
https://www.wikipedia.org/category/electronics,0
https://www.facebook.com/support,0
https://outlook.live.com,0
https://www.canva.com/user/profile,0
https://developer.mozilla.org/en-US/docs/Web,0
https://www.notion.so/,0
https://www.microsoft.com,0
https://www.medium.com/download,0
https://docs.python.org/3/library/re.html,0
https://www.salesforce.com/faq,0
https://www.theguardian.com,0
https://www.linkedin.com/community,0
https://www.medium.com/dashboard,0
https://www.bbc.com/news/technology-12345678,0
https://www.stackoverflow.com/article/latest-news-2024,0
https://www.ox.ac.uk,0
https://www.instagram.com/article/latest-news-2024,0
https://www.bloomberg.com,0
https://www.reddit.com/settings,0
https://www.reddit.com/help,0
https://www.forbes.com,0
https://www.yale.edu,0
https://www.medium.com/settings,0
https://www.google.com,0
https://www.stackoverflow.com/careers,0
https://www.shopify.com,0
https://www.figma.com/contact,0
https://www.usbank.com,0
https://www.notion.so/about,0
https://www.stanford.edu,0
https://www.slack.com/search?q=technology,0
https://azure.microsoft.com,0
https://store.steampowered.com,0
https://www.netflix.com/pricing,0
https://www.canva.com/support,0
https://www.hotels.com,0
https://www.apple.com/api,0
https://www.brave.com,0
https://www.reddit.com/products,0
https://www.adobe.com/about,0
https://www.notion.so/developers,0
https://www.linkedin.com/news,0
https://www.canva.com/community,0
https://www.microsoft.com/products,0
https://www.lowes.com,0
https://www.adidas.com,0
https://www.nba.com,0
https://www.reddit.com/pricing,0
https://www.linkedin.com/category/electronics,0
https://www.facebook.com/terms,0
https://www.stackoverflow.com/contact,0
https://www.apple.com/features,0
https://www.netflix.com/docs,0
https://www.trello.com/download,0
https://www.netflix.com/news,0
https://www.zara.com,0
https://www.spotify.com/contact,0
https://www.medium.com/features,0
https://www.zoom.us/download,0
https://www.vivaldi.com,0
https://drive.google.com,0
https://www.postmates.com,0
https://mail.google.com,0
https://www.twitter.com/search?q=technology,0
https://www.zillow.com,0
https://www.facebook.com/features,0
https://www.youtube.com/blog,0
https://www.princeton.edu,0
http://apple.id-verification.scam.com/unlock,1
http://chase.billing.cf/signin.aspx,1
http://trusted-bank.com//attacker.tk/login,1
https://google.evil264.buzz/login.php,1
https://chase--reset.ga/verify-identity,1
http://update-amazon.com/ap/signin?openid.ns=http://specs.openid.net,1
http://www.amazon.com.evil609.gq/secure-login?id=victim,1
https://paypal-login-unlock.work/account/verify?session=abc123,1
https://amazon-order-update.ml/confirm,1
https://instagram-copyright-notice.gq/appeal,1
http://netflix-billing-update.tk/payment,1
http://instagram-login-reset.club/auth?token=fake,1
http://paypal-verify-payment.cf/login.php,1
http://wellsfargo-security.ml/update-info,1
http://gogle.com/signin,1
https://wellsfargo--payment.ga/verify-identity,1
http://verify-your-account-now-important.com/update,1
http://bit.ly/3abc123,1
http://paypal-update-confirm.ml/verify-identity,1
http://paypal.signin.work/verify-identity,1
https://microsoft.evil455.ml/confirm.php,1
http://chase-verify.buzz/account/verify?session=abc123,1
https://chase.evil959.buzz/auth?token=fake,1
http://chase.reset.buzz/secure-login?id=victim,1
http://www.paypal.com.evil-domain.tk/login,1
http://122.250.120.247/facebook/reset-password,1
http://189.151.178.185/microsoft/account/verify?session=abc123,1
https://amazon.evil300.cf/verify-identity,1
http://www.paypal.com.secure.login.verify.account.evil-domain.tk/webapps/auth/protocol/openidconnect/v1/authorize?client_id=fake,1
https://paypal-secure-login.tk/verify,1
https://21.149.233.35/apple/login.php,1
https://www.microsoft.com.evil455.ml/confirm.php,1
http://urgent-security-alert-suspended.com/action,1
https://199.94.189.190/google/confirm.php,1
https://instagram-login-alert.ml/auth?token=fake,1
https://facebook.evil186.gq/signin.aspx,1
https://linkedin-job-alert.ga/respond,1
https://www.google.com.evil21.cf/signin.aspx,1
http://www.netflix.com.evil699.tk/secure-login?id=victim,1
http://mircosoft.com/signin,1
http://171.99.13.216/chase/update-info,1
http://apple-verify-unlock.cf/login.php,1
http://aplle.com/id,1
https://apple-login-verify.buzz/confirm.php,1
http://microsoft.update.cf/reset-password,1
https://apple-update-reset.cf/signin.aspx,1
https://netflix.evil907.top/verify.html,1
http://paypaI.com/login,1
http://198.51.100.55/microsoft/signin.aspx,1
https://wellsfargo-update-confirm.work/account/verify?session=abc123,1
http://yr8s2kd0w.gq/signin,1
https://instagram-verify-unlock.tk/verify-identity,1
https://26.43.65.113/wellsfargo/verify.html,1
http://amazon.unlock.top/signin.aspx,1
http://175.70.46.119/amazon/reset-password,1
https://paypal.evil887.xyz/login.php,1
https://63.78.208.160/amazon/verify-identity,1
http://instagram.evil102.club/login.php,1
https://amazon-alert.work/verify.html,1
https://wellsfargo-login-update.gq/verify-identity,1
http://accounts.google.com.login.evil.cf/verify,1
http://login.microsoftonline.com.account-reset.bad.gq/signin.aspx?client=false,1
https://125.92.246.111/netflix/secure-login?id=victim,1
https://www.facebook.com.evil744.buzz/verify.html,1
https://google--payment.ga/update-info,1
http://microsoft.evil667.tk/login.php,1
http://amazon.evil609.gq/secure-login?id=victim,1
https://wellsfargo.evil310.buzz/reset-password,1
https://instagram.unlock.ml/update-info,1
http://213.119.189.208/netflix/verify.html,1
http://125.92.111.106/amazon/login.php,1
http://chase-login-reset.top/account/verify?session=abc123,1
http://facebook-security.ml/checkpoint,1
https://facebook--alert.ga/verify-identity,1
http://immediate-action-required-security.com/login,1
https://facebook-unlock.work/login.php,1
http://wellsfargo.evil537.ml/signin.aspx,1
http://normal-site.org/blog/2024/01/hidden-directory/paypal-clone/index.html,1
http://www.apple.com.evil994.cf/login.php,1
http://twitter-suspended.gq/appeal,1
https://amazon-login-billing.club/verify.html,1
http://www.wellsfargo.com//scam.cf/online,1
https://wellsfargo--payment.gq/confirm.php,1
http://google.verify.ga/login.php,1
http://instagram--reset.ml/verify-identity,1
https://www.chase.com.evil959.buzz/auth?token=fake,1
https://apple.evil452.club/confirm.php,1
https://instagram--reset.tk/account/verify?session=abc123,1
https://secure-wellsfargo-login.gq/online,1
http://google-login-verify.tk/login.php,1
http://apple-account.top/update-info,1
https://google.evil21.cf/signin.aspx,1
http://scam.ga/verify.aspx?bank=chase&user=victim,1
http://www.paypal.com@phishing.tk/verify,1
https://www.amazon.com.evil286.ml/login.php,1
https://132.88.14.119/amazon/reset-password,1
https://netflix-login-confirm.cf/secure-login?id=victim,1
http://91.198.174.192/facebook-login/,1
http://192.168.1.1/paypal/login.html,1
http://187.246.56.133/facebook/update-info,1
https://microsoft-secure-confirm.top/signin.aspx,1
http://ow.ly/fake456,1
https://www.wellsfargo.com.evil83.club/login.php,1
http://amazonn.com/order,1
http://79.238.48.93/paypal/verify.html,1
http://googIe.com/security,1
http://innocent-looking.com/.well-known/acme-challenge/../../phishing/login.php,1
http://confirm-identity-reset-password-auth.com/verify,1
http://microsft.com/account,1
http://google-security-alert.ga/signin,1
http://alert-chase.com/auth/fcc/login.action,1
https://google-update-login.ga/account/verify?session=abc123,1
https://paypal-login-unlock.cf/confirm.php,1
http://142.40.141.85/instagram/secure-login?id=victim,1
https://amazon-secure-alert.top/verify.html,1
https://chase-verify-account.cf/banking,1
http://amaz%6Fn.com-verify.evil.com/order,1
https://paypal-login-login.top/confirm.php,1
https://facebook.verify.xyz/account/verify?session=abc123,1
https://www.paypal.com.evil859.top/account/verify?session=abc123,1
https://www.apple.com.evil452.club/confirm.php,1
http://hjk67bnm3.cf/secure,1
https://www.chase.com.evil903.gq/signin.aspx,1
http://www.amazon.com.fake-checkout.ml/cart,1
http://amazon.billing.work/reset-password,1
https://16.80.226.164/instagram/reset-password,1
https://amazon-secure-verify.ml/confirm.php,1
https://www.facebook.com.evil573.tk/login.php,1
http://paypal-secure-login.tk/verify,1
https://facebook.evil744.buzz/verify.html,1
https://instagram-login-verify.xyz/update-info,1
https://google-security-alert.ga/signin,1
http://paypal-secure-account.top/verify.html,1
http://tw1tter-support.com/suspended,1
http://92.75.64.115/google/signin.aspx,1
http://appleid.apple.com-locked-account.phish.cf/unlock?id=user123,1
http://phish.ml/fake?url=amazon.com&session=stolen,1
http://account-verify-now.com/WebObjects/iTunesConnect,1
http://facebook-update-unlock.xyz/auth?token=fake,1
https://netflix.evil250.gq/verify.html,1
http://google-auth.com:4443/signin,1
http://netflix.signin.club/confirm.php,1
http://neflix.com/payment,1
http://apple-verify-alert.top/confirm.php,1
https://netflix.secure.cf/reset-password,1
http://chase-bank-alert.tk/verify-now,1
https://netflix-login.club/verify-identity,1
http://instagram-verify.ga/confirm-identity,1
http://instagram.reset.xyz/auth?token=fake,1
http://189.146.233.95/netflix/secure-login?id=victim,1
http://facbook.com/login,1
http://wellsfargo-confirm.tk/reset-password,1
http://13.89.215.88/netflix/verify.html,1
http://g%6Fogle.com.alert.bad.tk/security,1
http://amzon.com/checkout,1
https://paypal-verify-verify.top/account/verify?session=abc123,1
https://124.242.70.195/facebook/verify.html,1
http://chase-update-signin.cf/login.php,1
https://www.wellsfargo.com.evil310.buzz/reset-password,1
http://pay-pal-secure.com/login/verify,1
https://96.28.11.185/facebook/confirm.php,1
https://134.149.17.150/apple/signin.aspx,1
https://instagram-login-confirm.tk/login.php,1
http://qwrtyxcvb.ml/accounts,1
http://paypal.evil277.cf/account/verify?session=abc123,1
https://chase-update-confirm.buzz/account/verify?session=abc123,1
http://usbank-alert.gq/update-details,1
https://facebook.evil573.tk/login.php,1
https://google-secure-alert.work/reset-password,1
http://linkedin-notification.cf/respond,1
https://microsoft-login-billing.xyz/signin.aspx,1
http://f3g6j8k1r.tk/confirm,1
http://bad.cf/auth?service=google&token=fake123,1
http://twiter.com/login,1
http://www.amazon.com@malicious.ml/order,1
https://52.181.155.146/facebook/auth?token=fake,1
https://update-your-apple-id.tk/unlock,1
http://secure.paypal.com//malicious.ml/verify,1
http://p4x9nm2qa.com/login/verify,1
https://netflix--secure.club/auth?token=fake,1
http://paypal-login.com:8080/verify,1
http://microsoft.evil671.xyz/secure-login?id=victim,1
http://microsoft.account-alert.phish.net/reset,1
http://t.co/malicious789,1
https://www.netflix.com.evil907.top/verify.html,1
https://144.214.174.85/netflix/verify.html,1
http://instagram-secure-login.club/reset-password,1
http://netf1ix-billing.com/payment-update,1
http://amazon.order-update.malicious.net/confirm,1
http://chse.com/banking,1
http://login-portal-secure.com/sso/authenticate,1
http://www.google.com@evil.com/login,1
http://micr0soft-update.com/account/reset,1
https://paypal.verify.ml/login.php,1
https://amazon.evil286.ml/login.php,1
http://xkj2h4s9d.com/login,1
http://119.240.87.111/google/account/verify?session=abc123,1
http://identity-verification.com/auth/realms/master,1
http://wellsfargo-verify-account.ga/signin.aspx,1
https://11.121.205.119/microsoft/reset-password,1
http://instagam.com/verify,1
http://signin.ebay.com.verify.identity.scam123.ml/ws/eBayISAPI.dll?SignIn&campid=fake,1
https://facebook-checkpoint-security.ml/verify,1
https://google.evil659.ml/account/verify?session=abc123,1
http://online.wellsfargo.com.signon.update.evil.gq/das/cgi-bin/session.cgi?screenid=fake,1
http://linked1n-alert.com/notification,1
http://www.legitimate.com//evil.com/phishing,1
https://128.53.73.99/chase/login.php,1
http://netflix-verify-update.ga/auth?token=fake,1
https://paypal.evil859.top/account/verify?session=abc123,1
https://www.facebook.com.evil186.gq/signin.aspx,1
http://45.33.32.156:443/banking/secure/,1
http://amazon-order-update.ml/confirm,1
https://www.instagram.com.evil952.cf/login.php,1
http://wellsfago.com/online,1
http://www.microsoft.com.evil667.tk/login.php,1
http://facebook-login-reset.ga/account/verify?session=abc123,1
http://218.236.80.181/instagram/verify.html,1
http://microsoft--secure.cf/auth?token=fake,1
https://www.apple.com.evil557.top/account/verify?session=abc123,1
http://apple.evil994.cf/login.php,1
http://1nstagram-verify.com/identity,1
http://microsoft-reset.com:1337/account,1
http://chase-login-account.cf/signin.aspx,1
http://secure-update-verify-login-account.com/banking,1
http://www.paypal.com.evil277.cf/account/verify?session=abc123,1
http://wellsfargo-secure-reset.tk/update-info,1
http://203.0.113.42/apple-id/verify,1
http://www.wellsfargo.com.evil537.ml/signin.aspx,1
https://chase.secure.top/verify.html,1
https://chase.evil819.work/secure-login?id=victim,1
https://amazon-reset.top/confirm.php,1
http://netflix-update-billing.ml/auth?token=fake,1
http://appple.com/support,1
https://microsoft-login-account.top/account/verify?session=abc123,1
http://215.152.19.243/chase/reset-password,1
http://192.0.2.1/amazon/order-confirm.html,1
http://181.20.61.48/instagram/verify.html,1
http://amazon-login.ml/update-info,1
http://apple-verify.buzz/verify-identity,1
http://10.0.0.1/secure/verify-account.php,1
http://microsoft.account.xyz/signin.aspx,1
http://245.186.87.121/wellsfargo/auth?token=fake,1
https://162.108.252.94/google/auth?token=fake,1
http://facebok.com/security,1
https://www.netflix.com.evil250.gq/verify.html,1
http://google.security-check.fake.org/signin,1
https://netflix-payment-failed.cf/update,1
http://verify-apple.com/IDMSWebAuth/login?appIdKey=fake,1
http://amazon-login-unlock.ml/reset-password,1
https://instagram.evil952.cf/login.php,1
http://ciitibank.com/login,1
http://google.account.gq/confirm.php,1
http://faceb%6Fok.security.evil.ml/login,1
http://facebook-verify-billing.ml/account/verify?session=abc123,1
https://www.instagram.com.evil961.buzz/reset-password,1
http://linkdin.com/signin,1
http://paypal-login-secure.ml/auth?token=fake,1
https://chase.evil903.gq/signin.aspx,1
http://chase-login-secure.ga/login.php,1
https://microsoft.payment.top/confirm.php,1
http://www.google.com.security.ga/alert,1
http://google-verify-account.gq/verify.html,1
http://google-update-reset.tk/account/verify?session=abc123,1
http://confirm-microsoft.com/common/oauth2/v2.0/authorize,1
http://www.evil.com/redirect%3Furl%3Dpaypal.com,1
https://google-verify-account.work/verify-identity,1
https://facebook--unlock.work/account/verify?session=abc123,1
http://myaccount.google.com.security.check.alert.badsite.ga/ServiceLogin?passive=true,1
http://104.16.85.20/netflix-billing/update,1
http://signin.google.com.security-alert.evil.ga/verify?user=target&auth=fake,1
https://microsoft.alert.gq/account/verify?session=abc123,1
http://chase-account.ga/reset-password,1
http://facebook-secure-billing.work/signin.aspx,1
https://wellsfargo--unlock.work/signin.aspx,1
http://security-paypal.com/cgi-bin/webscr.php?cmd=_login-submit,1
http://citibank-notification.cf/secure-login,1
http://www.amazon.com-order-confirm.malicious-site.ml/update?session=xyz789&redirect=true,1
https://142.67.237.80/apple/reset-password,1
http://paypal.signin.cf/verify-identity,1
http://182.200.169.133/facebook/reset-password,1
https://www.google.com.evil659.ml/account/verify?session=abc123,1
http://www.apple.com@scam.ga/unlock,1
https://apple-update-account.ml/auth?token=fake,1
https://203.185.251.108/chase/confirm.php,1
https://netflix-update-payment.ga/reset-password,1
https://instagram.evil961.buzz/reset-password,1
http://www.instagram.com.evil102.club/login.php,1
http://a3b5c7d9e.tk/verify,1
https://microsoft-login-secure.gq/signin.aspx,1
http://netflix.evil699.tk/secure-login?id=victim,1
http://128.182.87.19/chase/verify.html,1
http://evil.com/phishing.html#@paypal.com,1
https://41.136.126.7/wellsfargo/confirm.php,1
http://wellsfargo-verify-verify.work/verify.html,1
https://www.paypal.com.evil887.xyz/login.php,1
http://g00gle-security.com/alert/signin,1
https://206.219.81.210/apple/update-info,1
http://110.27.129.157/facebook/update-info,1
http://185.234.218.12/login/google-auth,1
https://instagram-verify.xyz/confirm.php,1
http://secure01.chase.com.verify.banking.phish.cf/auth/fcc/login.action?campaign=fake,1
http://bankofamerica-alert.ga/verify-account,1
http://105.161.166.239/facebook/login.php,1
http://netflx.com/billing,1
https://18.164.109.189/netflix/verify-identity,1
http://apple.signin.buzz/account/verify?session=abc123,1
http://google.login.tk/auth?token=fake,1
http://www.facebook.com.security.gq/checkpoint,1
http://apple-id-locked.cf/unlock,1
http://apple.verify.cf/verify.html,1
http://amaz0n-order.com/confirm-details,1
http://facebook-login-unlock.ml/auth?token=fake,1
http://facebook-update.ga/verify-identity,1
http://m8k3jd92s.net/account,1
http://zxmnbvpls.ga/banking,1
http://apple-login-secure.ml/login.php,1
http://194.236.23.212/chase/confirm.php,1
http://59.213.224.71/microsoft/update-info,1
https://apple.evil557.top/account/verify?session=abc123,1
https://microsoft-update-account.cf/auth?token=fake,1
http://tinyurl.com/phishing-link,1
https://apple-confirm.ml/verify.html,1
http://google-update-alert.work/reset-password,1
https://www.google.com.evil264.buzz/login.php,1
http://www.chase.com//phisher.ga/banking,1
https://instagram-verify-confirm.club/account/verify?session=abc123,1
https://172.220.197.174/google/account/verify?session=abc123,1
http://hacked-wordpress.com/wp-admin/includes/google/security/alert/signin.html,1
http://banking-secure-login.com/online/auth,1
http://amazon-verify-signin.work/secure-login?id=victim,1
https://netflix--confirm.ml/signin.aspx,1
https://www.amazon.com.evil300.cf/verify-identity,1
http://amazon.secure.club/update-info,1
http://wellsfargo-login-confirm.ga/reset-password,1
http://paypal.secure-login.evil.com/verify,1
http://paypall.com/login,1
https://netflix-secure-confirm.ga/account/verify?session=abc123,1
https://107.76.224.177/facebook/verify.html,1
https://wellsfargo-login.gq/verify.html,1
http://secure-payment-update.com/checkout/confirm,1
https://wellsfargo-login-verify.tk/secure-login?id=victim,1
https://28.48.72.88/paypal/secure-login?id=victim,1
http://www.microsoft.com@fake.cf/signin,1
http://secure-login-paypal.com.verify-account.suspicious-domain.tk/login.php?id=victim&token=abc123def456,1
http://amazon-checkout.com:3000/payment,1
http://www.microsoft.com.evil671.xyz/secure-login?id=victim,1
https://netflix--verify.cf/auth?token=fake,1
https://115.24.183.192/microsoft/reset-password,1
http://netflix-login-billing.ml/account/verify?session=abc123,1
http://apple-support.com:9090/unlock,1
https://133.218.29.53/facebook/confirm.php,1
http://goo.gl/suspicious123,1
https://microsoft-secure-verify.xyz/secure-login?id=victim,1
https://amazon-update-reset.club/signin.aspx,1
https://www.chase.com.evil819.work/secure-login?id=victim,1
http://evil.com/wp-content/uploads/2024/01/paypal/login/index.html,1
http://paypa%6C.com/login,1
http://facebook-update-confirm.ml/verify-identity,1
http://microsoft-account.gq/secure-login?id=victim,1
http://v5b7h2x9c.org/update,1
http://malicious.tk/login.php?redirect=https://paypal.com,1
https://paypal-verify-confirm.work/update-info,1
http://compromised-site.com/images/logos/hidden/amazon/order/verify/payment.php,1
https://wellsfargo.evil83.club/login.php,1
http://faceb00k-security.com/checkpoint,1
http://chase-secure-login.top/confirm.php,1
https://172.175.50.175/paypal/login.php,1
http://google-secure-verify.gq/verify.html,1
https://133.90.7.50/netflix/verify.html,1
http://facebook-login-reset.xyz/confirm.php,1
http://apple--confirm.top/reset-password,1
http://app1e-support.com/unlock-account,1
http://microsoft-account.gq/reset,1
http://172.16.0.1:8080/banking/login,1
